pair_class,n_pairs,mean_t0,mean_t120,p_value
CIS,3,95.09247275838403,93.11565993786489,0.22165075387135594
TRANS,3,4.907527241615965,6.884340062135113,0.22165075387135655
