sample,n_bins,k_optimal,k_eigengap,silhouette_optimal,eigengap_optimal,distance_bandwidth_bp,count_similarity_bandwidth,labels_ordered
batch4_2_4C_t0,40,2,7,0.8793244355155949,0.0009524377767519087,150000,0.2,4C_Viewport:1-10000|chrM:70001-80000|chrV:320001-330000|chrV:110001-120000|chrXV:610001-620000|chrXIV:470001-480000|chrXII:40001-50000|chrIX:320001-330000|chrVI:140001-150000|chrXII:810001-820000|chrXI:160001-170000|chrXIII:210001-220000|chrXIII:50001-60000|chrXIII:720001-730000|chrX:570001-580000|chrXIII:630001-640000|chrX:690001-700000|chrV:290001-300000|chrIV:1390001-1400000|chrII:610001-620000|chrIV:90001-100000|chrIII:80001-90000|chrV:60001-70000|chrI:80001-90000|chrIV:440001-450000|chrIV:680001-690000|chrIV:700001-710000|chrVIII:340001-350000|chrVIII:270001-280000|chrII:50001-60000|chrVIII:210001-220000|chrII:70001-80000|chrII:110001-120000|chrVII:700001-710000|chrVII:930001-940000|chrVII:770001-780000|chrVII:840001-850000|chrVII:790001-800000|chrVII:830001-840000|chrVII:810001-820000
